Home Team,Away Team,Date,Result,Prediction,Correct?,Bet Result,Total,spread
Orlando Magic,New York Knicks,2021-10-22,W,1,True,125.0,125.0,4.5
Cleveland Cavaliers,Charlotte Hornets,2021-10-22,-,1,False,0,125.0,0
Washington Wizards,Indiana Pacers,2021-10-22,W,1,True,110.0,235.0,2.0
Boston Celtics,Toronto Raptors,2021-10-22,W,1,True,72,307.0,8.0
Philadelphia 76ers,Brooklyn Nets,2021-10-22,L,0,True,0,307.0,1.0
Houston Rockets,Oklahoma City Thunder,2021-10-22,L,1,False,-100,207.0,3.0
Chicago Bulls,New Orleans Pelicans,2021-10-22,W,0,False,0,207.0,6.5
Denver Nuggets,San Antonio Spurs,2021-10-22,W,1,True,80,287.0,8.0
Los Angeles Lakers,Phoenix Suns,2021-10-22,W,1,True,83,370.0,3.0
Sacramento Kings,Utah Jazz,2021-10-22,W,1,True,110.0,480.0,6.0
Cleveland Cavaliers,Atlanta Hawks,2021-10-23,L,1,False,-100,380.0,3.0
Indiana Pacers,Miami Heat,2021-10-23,L,1,False,-100,280.0,3.0
Toronto Raptors,Dallas Mavericks,2021-10-23,W,1,True,83,363.0,3.5
Minnesota Timberwolves,New Orleans Pelicans,2021-10-23,W,0,False,0,363.0,6.0
Chicago Bulls,Detroit Pistons,2021-10-23,W,0,False,0,363.0,9.0
San Antonio Spurs,Milwaukee Bucks,2021-10-23,W,1,True,120.0,483.0,7.5
Portland Trail Blazers,Phoenix Suns,2021-10-23,L,1,False,-100,383.0,2.0
LA Clippers,Memphis Grizzlies,2021-10-23,-,1,False,0,383.0,0
Brooklyn Nets,Charlotte Hornets,2021-10-24,-,1,False,0,383.0,0
New York Knicks,Orlando Magic,2021-10-24,L,0,True,0,383.0,12.0
Houston Rockets,Boston Celtics,2021-10-24,W,1,True,100.0,483.0,6.0
Oklahoma City Thunder,Philadelphia 76ers,2021-10-24,W,1,True,90,573.0,7.5
Sacramento Kings,Golden State Warriors,2021-10-24,W,1,True,110.0,683.0,3.0
Los Angeles Lakers,Memphis Grizzlies,2021-10-24,W,1,True,105.0,788.0,6.0
Indiana Pacers,Milwaukee Bucks,2021-10-25,W,1,True,83,871.0,10.5
Charlotte Hornets,Boston Celtics,2021-10-25,-,1,False,0,871.0,0
Miami Heat,Orlando Magic,2021-10-25,W,0,False,0,871.0,14.0
Toronto Raptors,Chicago Bulls,2021-10-25,W,1,True,100.0,971.0,2.5
Atlanta Hawks,Detroit Pistons,2021-10-25,W,0,False,0,971.0,10.5
Brooklyn Nets,Washington Wizards,2021-10-25,L,1,False,-100,871.0,7.5
Minnesota Timberwolves,New Orleans Pelicans,2021-10-25,W,1,True,72,943.0,5.5
Denver Nuggets,Cleveland Cavaliers,2021-10-25,W,1,True,83,1026.0,10.5
LA Clippers,Portland Trail Blazers,2021-10-25,-,1,False,0,1026.0,0
New York Knicks,Philadelphia 76ers,2021-10-26,L,1,False,-100,926.0,1.0
Oklahoma City Thunder,Golden State Warriors,2021-10-26,W,1,True,83,1009.0,9.0
Dallas Mavericks,Houston Rockets,2021-10-26,W,1,True,83,1092.0,11.0
San Antonio Spurs,Los Angeles Lakers,2021-10-26,W,1,True,125.0,1217.0,4.5
Utah Jazz,Denver Nuggets,2021-10-26,W,0,False,0,1217.0,7.0
Orlando Magic,Charlotte Hornets,2021-10-27,-,1,False,0,1217.0,0
Brooklyn Nets,Miami Heat,2021-10-27,W,1,True,83,1300.0,5.0
Toronto Raptors,Indiana Pacers,2021-10-27,L,1,False,-100,1200.0,1.5
New Orleans Pelicans,Atlanta Hawks,2021-10-27,W,1,True,72,1272.0,5.5
Boston Celtics,Washington Wizards,2021-10-27,W,1,True,120.0,1392.0,4.5
Oklahoma City Thunder,Los Angeles Lakers,2021-10-27,W,1,True,125.0,1517.0,9.0
Milwaukee Bucks,Minnesota Timberwolves,2021-10-27,W,1,True,83,1600.0,7.0
Phoenix Suns,Sacramento Kings,2021-10-27,W,1,True,83,1683.0,8.5
Portland Trail Blazers,Memphis Grizzlies,2021-10-27,L,1,False,-100,1583.0,4.5
LA Clippers,Cleveland Cavaliers,2021-10-27,-,1,False,0,1583.0,0
Philadelphia 76ers,Detroit Pistons,2021-10-28,W,1,True,110.0,1693.0,10.5
Washington Wizards,Atlanta Hawks,2021-10-28,L,1,False,-100,1593.0,2.5
Chicago Bulls,New York Knicks,2021-10-28,W,1,True,120.0,1713.0,4.0
Houston Rockets,Utah Jazz,2021-10-28,W,1,True,90,1803.0,9.0
Dallas Mavericks,San Antonio Spurs,2021-10-28,W,1,True,90,1893.0,6.0
Golden State Warriors,Memphis Grizzlies,2021-10-28,L,0,True,0,1893.0,5.0
Toronto Raptors,Orlando Magic,2021-10-29,W,1,True,120.0,2013.0,7.0
Miami Heat,Charlotte Hornets,2021-10-29,-,0,False,0,2013.0,0
Brooklyn Nets,Indiana Pacers,2021-10-29,W,1,True,72,2085.0,9.0
New Orleans Pelicans,Sacramento Kings,2021-10-29,W,1,True,115.0,2200.0,1.0
Portland Trail Blazers,LA Clippers,2021-10-29,-,1,False,0,2200.0,0
Denver Nuggets,Dallas Mavericks,2021-10-29,L,1,False,-100,2100.0,1.5
Los Angeles Lakers,Cleveland Cavaliers,2021-10-29,L,1,False,-100,2000.0,8.0
Washington Wizards,Boston Celtics,2021-10-30,W,0,False,0,2000.0,1.5
Detroit Pistons,Orlando Magic,2021-10-30,L,1,False,-100,1900.0,5.5
New Orleans Pelicans,New York Knicks,2021-10-30,W,1,True,120.0,2020.0,4.5
Indiana Pacers,Toronto Raptors,2021-10-30,W,1,True,110.0,2130.0,3.5
Philadelphia 76ers,Atlanta Hawks,2021-10-30,L,1,False,-100,2030.0,3.0
Chicago Bulls,Utah Jazz,2021-10-30,L,1,False,-100,1930.0,4.5
Milwaukee Bucks,San Antonio Spurs,2021-10-30,W,1,True,83,2013.0,7.0
Memphis Grizzlies,Miami Heat,2021-10-30,W,1,True,90,2103.0,2.0
Golden State Warriors,Oklahoma City Thunder,2021-10-30,W,0,False,0,2103.0,12.5
Minnesota Timberwolves,Denver Nuggets,2021-10-30,W,1,True,120.0,2223.0,2.5
Phoenix Suns,Cleveland Cavaliers,2021-10-30,W,1,True,90,2313.0,9.5
Dallas Mavericks,Sacramento Kings,2021-10-31,L,1,False,-100,2213.0,4.5
Charlotte Hornets,Portland Trail Blazers,2021-10-31,-,1,False,0,2213.0,0
Milwaukee Bucks,Utah Jazz,2021-10-31,W,1,True,125.0,2338.0,1.0
Brooklyn Nets,Detroit Pistons,2021-10-31,W,0,False,0,2338.0,12.5
Los Angeles Lakers,Houston Rockets,2021-10-31,W,1,True,120.0,2458.0,12.0
Charlotte Hornets,Cleveland Cavaliers,2021-11-01,-,1,False,0,2458.0,0
Philadelphia 76ers,Portland Trail Blazers,2021-11-01,L,1,False,-100,2358.0,6.5
Indiana Pacers,San Antonio Spurs,2021-11-01,L,1,False,-100,2258.0,3.5
New York Knicks,Toronto Raptors,2021-11-01,W,1,True,72,2330.0,7.0
Atlanta Hawks,Washington Wizards,2021-11-01,L,1,False,-100,2230.0,6.0
Boston Celtics,Chicago Bulls,2021-11-01,W,1,True,120.0,2350.0,2.0
Memphis Grizzlies,Denver Nuggets,2021-11-01,L,1,False,-100,2250.0,1.5
Minnesota Timberwolves,Orlando Magic,2021-11-01,W,1,True,110.0,2360.0,9.0
LA Clippers,Oklahoma City Thunder,2021-11-01,-,1,False,0,2360.0,0
Detroit Pistons,Milwaukee Bucks,2021-11-02,W,1,True,83,2443.0,4.5
Dallas Mavericks,Miami Heat,2021-11-02,W,1,True,115.0,2558.0,2.0
Utah Jazz,Sacramento Kings,2021-11-02,W,1,True,72,2630.0,10.0
Phoenix Suns,New Orleans Pelicans,2021-11-02,L,1,False,-100,2530.0,11.5
Los Angeles Lakers,Houston Rockets,2021-11-02,W,1,True,72,2602.0,11.0
Cleveland Cavaliers,Portland Trail Blazers,2021-11-03,W,1,True,83,2685.0,4.5
Orlando Magic,Boston Celtics,2021-11-03,W,1,True,72,2757.0,6.5
Washington Wizards,Toronto Raptors,2021-11-03,W,1,True,110.0,2867.0,3.0
Philadelphia 76ers,Chicago Bulls,2021-11-03,L,1,False,-100,2767.0,2.5
Indiana Pacers,New York Knicks,2021-11-03,L,1,False,-100,2667.0,0.0
Brooklyn Nets,Atlanta Hawks,2021-11-03,L,1,False,-100,2567.0,4.5
Memphis Grizzlies,Denver Nuggets,2021-11-03,L,1,False,-100,2467.0,1.0
Minnesota Timberwolves,LA Clippers,2021-11-03,-,1,False,0,2467.0,0
San Antonio Spurs,Dallas Mavericks,2021-11-03,W,1,True,90,2557.0,1.0
Sacramento Kings,New Orleans Pelicans,2021-11-03,L,1,False,-100,2457.0,5.5
Golden State Warriors,Charlotte Hornets,2021-11-03,-,0,False,0,2457.0,0
Detroit Pistons,Philadelphia 76ers,2021-11-04,W,1,True,72,2529.0,5.5
Atlanta Hawks,Utah Jazz,2021-11-04,W,1,True,115.0,2644.0,0.0
Miami Heat,Boston Celtics,2021-11-04,W,1,True,125.0,2769.0,6.0
Phoenix Suns,Houston Rockets,2021-11-04,W,0,False,0,2769.0,10.5
Los Angeles Lakers,Oklahoma City Thunder,2021-11-04,W,1,True,83,2852.0,13.0
Orlando Magic,San Antonio Spurs,2021-11-05,W,1,True,100.0,2952.0,5.0
Detroit Pistons,Brooklyn Nets,2021-11-05,W,1,True,100.0,3052.0,9.5
Washington Wizards,Memphis Grizzlies,2021-11-05,W,0,False,0,3052.0,0.0
Milwaukee Bucks,New York Knicks,2021-11-05,W,1,True,80,3132.0,5.5
Toronto Raptors,Cleveland Cavaliers,2021-11-05,W,1,True,105.0,3237.0,6.0
Minnesota Timberwolves,LA Clippers,2021-11-05,-,1,False,0,3237.0,0
Golden State Warriors,New Orleans Pelicans,2021-11-05,W,0,False,0,3237.0,3.0
Sacramento Kings,Charlotte Hornets,2021-11-05,-,1,False,0,3237.0,0
Portland Trail Blazers,Indiana Pacers,2021-11-05,W,1,True,115.0,3352.0,4.5
Denver Nuggets,Houston Rockets,2021-11-06,L,0,True,0,3352.0,10.5
Miami Heat,Utah Jazz,2021-11-06,W,1,True,115.0,3467.0,3.5
Chicago Bulls,Philadelphia 76ers,2021-11-06,W,1,True,90,3557.0,3.0
Dallas Mavericks,Boston Celtics,2021-11-06,W,1,True,115.0,3672.0,5.5
Phoenix Suns,Atlanta Hawks,2021-11-06,L,0,True,0,3672.0,5.0
Portland Trail Blazers,Los Angeles Lakers,2021-11-06,W,0,False,0,3672.0,5.0
Toronto Raptors,Brooklyn Nets,2021-11-07,W,1,True,125.0,3797.0,4.0
Sacramento Kings,Indiana Pacers,2021-11-07,W,1,True,105.0,3902.0,2.0
New York Knicks,Cleveland Cavaliers,2021-11-07,W,1,True,83,3985.0,7.5
Orlando Magic,Utah Jazz,2021-11-07,W,1,True,115.0,4100.0,11.5
Washington Wizards,Milwaukee Bucks,2021-11-07,L,1,False,-100,4000.0,3.0
Oklahoma City Thunder,San Antonio Spurs,2021-11-07,W,1,True,120.0,4120.0,5.5
Golden State Warriors,Houston Rockets,2021-11-07,W,1,True,110.0,4230.0,13.0
LA Clippers,Charlotte Hornets,2021-11-07,-,1,False,0,4230.0,0
Philadelphia 76ers,New York Knicks,2021-11-08,W,1,True,80,4310.0,4.5
Chicago Bulls,Brooklyn Nets,2021-11-08,L,1,False,-100,4210.0,1.5
Memphis Grizzlies,Minnesota Timberwolves,2021-11-08,L,1,False,-100,4110.0,6.0
Dallas Mavericks,New Orleans Pelicans,2021-11-08,W,0,False,0,4110.0,9.0
Denver Nuggets,Miami Heat,2021-11-08,L,1,False,-100,4010.0,0.0
Golden State Warriors,Atlanta Hawks,2021-11-08,W,0,False,0,4010.0,3.5
Sacramento Kings,Phoenix Suns,2021-11-08,W,1,True,120.0,4130.0,3.0
Los Angeles Lakers,Charlotte Hornets,2021-11-08,-,1,False,0,4130.0,0
Philadelphia 76ers,Milwaukee Bucks,2021-11-09,W,1,True,72,4202.0,6.5
Utah Jazz,Atlanta Hawks,2021-11-09,W,0,False,0,4202.0,7.5
LA Clippers,Portland Trail Blazers,2021-11-09,-,0,False,0,4202.0,0
Cleveland Cavaliers,Washington Wizards,2021-11-10,L,0,True,0,4202.0,3.0
Orlando Magic,Brooklyn Nets,2021-11-10,W,1,True,83,4285.0,9.0
Boston Celtics,Toronto Raptors,2021-11-10,L,1,False,-100,4185.0,2.0
New York Knicks,Milwaukee Bucks,2021-11-10,W,1,True,125.0,4310.0,1.5
Houston Rockets,Detroit Pistons,2021-11-10,W,1,True,105.0,4415.0,3.5
Memphis Grizzlies,Charlotte Hornets,2021-11-10,-,1,False,0,4415.0,0
New Orleans Pelicans,Oklahoma City Thunder,2021-11-10,W,1,True,83,4498.0,4.5
Chicago Bulls,Dallas Mavericks,2021-11-10,L,1,False,-100,4398.0,3.0
San Antonio Spurs,Sacramento Kings,2021-11-10,L,1,False,-100,4298.0,1.5
Phoenix Suns,Portland Trail Blazers,2021-11-10,L,1,False,-100,4198.0,6.0
Denver Nuggets,Indiana Pacers,2021-11-10,W,1,True,110.0,4308.0,3.0
Golden State Warriors,Minnesota Timberwolves,2021-11-10,W,0,False,0,4308.0,8.0
Los Angeles Lakers,Miami Heat,2021-11-10,W,1,True,115.0,4423.0,3.0
Philadelphia 76ers,Toronto Raptors,2021-11-11,W,1,True,83,4506.0,2.0
Utah Jazz,Indiana Pacers,2021-11-11,W,1,True,80,4586.0,9.0
LA Clippers,Miami Heat,2021-11-11,-,1,False,0,4586.0,0
Charlotte Hornets,New York Knicks,2021-11-12,-,0,False,0,4586.0,0
Cleveland Cavaliers,Detroit Pistons,2021-11-12,L,1,False,-100,4486.0,5.0
Boston Celtics,Milwaukee Bucks,2021-11-12,W,0,False,0,4486.0,2.0
Houston Rockets,Portland Trail Blazers,2021-11-12,W,1,True,120.0,4606.0,6.5
New Orleans Pelicans,Brooklyn Nets,2021-11-12,W,1,True,90,4696.0,7.5
Memphis Grizzlies,Phoenix Suns,2021-11-12,W,1,True,83,4779.0,1.0
Oklahoma City Thunder,Sacramento Kings,2021-11-12,W,1,True,72,4851.0,4.5
San Antonio Spurs,Dallas Mavericks,2021-11-12,W,1,True,110.0,4961.0,1.5
Denver Nuggets,Atlanta Hawks,2021-11-12,L,1,False,-100,4861.0,4.5
Golden State Warriors,Chicago Bulls,2021-11-12,L,1,False,-100,4761.0,4.5
Los Angeles Lakers,Minnesota Timberwolves,2021-11-12,W,1,True,72,4833.0,4.5
Utah Jazz,Miami Heat,2021-11-13,W,1,True,125.0,4958.0,7.5
Orlando Magic,Washington Wizards,2021-11-13,W,1,True,72,5030.0,2.0
Indiana Pacers,Philadelphia 76ers,2021-11-13,L,1,False,-100,4930.0,2.5
New Orleans Pelicans,Memphis Grizzlies,2021-11-13,L,1,False,-100,4830.0,7.0
Toronto Raptors,Detroit Pistons,2021-11-13,W,1,True,72,4902.0,9.5
Cleveland Cavaliers,Boston Celtics,2021-11-13,W,1,True,90,4992.0,3.5
LA Clippers,Minnesota Timberwolves,2021-11-13,-,0,False,0,4992.0,0
Los Angeles Lakers,San Antonio Spurs,2021-11-14,L,1,False,-100,4892.0,2.5
Atlanta Hawks,Milwaukee Bucks,2021-11-14,L,1,False,-100,4792.0,0.0
Charlotte Hornets,Golden State Warriors,2021-11-14,-,1,False,0,4792.0,0
Houston Rockets,Phoenix Suns,2021-11-14,W,1,True,90,4882.0,9.0
Oklahoma City Thunder,Brooklyn Nets,2021-11-14,W,1,True,110.0,4992.0,9.5
Denver Nuggets,Portland Trail Blazers,2021-11-14,W,0,False,0,4992.0,4.0
LA Clippers,Chicago Bulls,2021-11-14,-,0,False,0,4992.0,0
Washington Wizards,New Orleans Pelicans,2021-11-15,W,0,False,0,4992.0,2.5
Cleveland Cavaliers,Boston Celtics,2021-11-15,W,1,True,83,5075.0,1.5
Detroit Pistons,Sacramento Kings,2021-11-15,W,1,True,83,5158.0,4.5
New York Knicks,Indiana Pacers,2021-11-15,L,1,False,-100,5058.0,3.0
Atlanta Hawks,Orlando Magic,2021-11-15,L,1,False,-100,4958.0,11.0
Memphis Grizzlies,Houston Rockets,2021-11-15,L,1,False,-100,4858.0,11.0
Dallas Mavericks,Denver Nuggets,2021-11-15,L,1,False,-100,4758.0,4.0
Minnesota Timberwolves,Phoenix Suns,2021-11-15,W,1,True,120.0,4878.0,3.0
Oklahoma City Thunder,Miami Heat,2021-11-15,W,1,True,105.0,4983.0,9.0
Portland Trail Blazers,Toronto Raptors,2021-11-15,L,1,False,-100,4883.0,1.5
Los Angeles Lakers,Chicago Bulls,2021-11-15,W,1,True,80,4963.0,1.0
Brooklyn Nets,Golden State Warriors,2021-11-16,W,1,True,110.0,5073.0,3.5
Utah Jazz,Philadelphia 76ers,2021-11-16,L,1,False,-100,4973.0,9.0
LA Clippers,San Antonio Spurs,2021-11-16,-,0,False,0,4973.0,0
Detroit Pistons,Indiana Pacers,2021-11-17,L,1,False,-100,4873.0,6.5
Charlotte Hornets,Washington Wizards,2021-11-17,-,1,False,0,4873.0,0
Miami Heat,New Orleans Pelicans,2021-11-17,W,0,False,0,4873.0,8.5
New York Knicks,Orlando Magic,2021-11-17,W,1,True,83,4956.0,11.5
Brooklyn Nets,Cleveland Cavaliers,2021-11-17,W,1,True,80,5036.0,13.0
Atlanta Hawks,Boston Celtics,2021-11-17,L,1,False,-100,4936.0,6.0
Milwaukee Bucks,Los Angeles Lakers,2021-11-17,W,1,True,72,5008.0,7.5
Oklahoma City Thunder,Houston Rockets,2021-11-17,L,1,False,-100,4908.0,3.5
Minnesota Timberwolves,Sacramento Kings,2021-11-17,L,1,False,-100,4808.0,3.0
Phoenix Suns,Dallas Mavericks,2021-11-17,W,0,False,0,4808.0,5.5
Portland Trail Blazers,Chicago Bulls,2021-11-17,L,1,False,-100,4708.0,3.0
Miami Heat,Washington Wizards,2021-11-18,L,1,False,-100,4608.0,7.0
Cleveland Cavaliers,Golden State Warriors,2021-11-18,W,1,True,100.0,4708.0,8.5
Minnesota Timberwolves,San Antonio Spurs,2021-11-18,L,1,False,-100,4608.0,1.5
Memphis Grizzlies,LA Clippers,2021-11-18,-,1,False,0,4608.0,0
Denver Nuggets,Philadelphia 76ers,2021-11-18,W,1,True,83,4691.0,8.0
Utah Jazz,Toronto Raptors,2021-11-18,W,0,False,0,4691.0,9.0
Charlotte Hornets,Indiana Pacers,2021-11-19,-,0,False,0,4691.0,0
Detroit Pistons,Golden State Warriors,2021-11-19,W,1,True,115.0,4806.0,10.5
Boston Celtics,Los Angeles Lakers,2021-11-19,L,1,False,-100,4706.0,2.0
Brooklyn Nets,Orlando Magic,2021-11-19,W,1,True,80,4786.0,12.5
Milwaukee Bucks,Oklahoma City Thunder,2021-11-19,W,1,True,100.0,4886.0,12.5
New Orleans Pelicans,LA Clippers,2021-11-19,-,1,False,0,4886.0,0
Denver Nuggets,Chicago Bulls,2021-11-19,W,1,True,90,4976.0,4.0
Phoenix Suns,Dallas Mavericks,2021-11-19,W,0,False,0,4976.0,7.5
Sacramento Kings,Toronto Raptors,2021-11-19,W,1,True,100.0,5076.0,4.0
New York Knicks,Houston Rockets,2021-11-20,W,1,True,72,5148.0,11.0
Indiana Pacers,New Orleans Pelicans,2021-11-20,L,1,False,-100,5048.0,7.5
Washington Wizards,Miami Heat,2021-11-20,L,1,False,-100,4948.0,1.5
Atlanta Hawks,Charlotte Hornets,2021-11-20,-,1,False,0,4948.0,0
Boston Celtics,Oklahoma City Thunder,2021-11-20,W,1,True,105.0,5053.0,10.5
Minnesota Timberwolves,Memphis Grizzlies,2021-11-20,L,1,False,-100,4953.0,1.0
Milwaukee Bucks,Orlando Magic,2021-11-20,W,1,True,100.0,5053.0,11.5
Sacramento Kings,Utah Jazz,2021-11-20,W,1,True,105.0,5158.0,7.0
Portland Trail Blazers,Philadelphia 76ers,2021-11-20,L,1,False,-100,5058.0,6.0
LA Clippers,Dallas Mavericks,2021-11-21,-,1,False,0,5058.0,0
Detroit Pistons,Los Angeles Lakers,2021-11-21,W,1,True,83,5141.0,7.5
Phoenix Suns,Denver Nuggets,2021-11-21,W,0,False,0,5141.0,7.5
Chicago Bulls,New York Knicks,2021-11-21,W,0,False,0,5141.0,5.5
Golden State Warriors,Toronto Raptors,2021-11-21,W,0,False,0,5141.0,7.5
Cleveland Cavaliers,Brooklyn Nets,2021-11-22,W,1,True,83,5224.0,7.5
Washington Wizards,Charlotte Hornets,2021-11-22,-,1,False,0,5224.0,0
Atlanta Hawks,Oklahoma City Thunder,2021-11-22,L,1,False,-100,5124.0,11.0
Boston Celtics,Houston Rockets,2021-11-22,L,1,False,-100,5024.0,12.5
Chicago Bulls,Indiana Pacers,2021-11-22,W,1,True,90,5114.0,3.5
Milwaukee Bucks,Orlando Magic,2021-11-22,W,0,False,0,5114.0,12.5
New Orleans Pelicans,Minnesota Timberwolves,2021-11-22,W,1,True,110.0,5224.0,2.5
San Antonio Spurs,Phoenix Suns,2021-11-22,W,1,True,80,5304.0,5.5
Utah Jazz,Memphis Grizzlies,2021-11-22,W,1,True,90,5394.0,9.5
Sacramento Kings,Philadelphia 76ers,2021-11-22,W,1,True,80,5474.0,2.5
Detroit Pistons,Miami Heat,2021-11-23,W,1,True,83,5557.0,9.0
New York Knicks,Los Angeles Lakers,2021-11-23,L,1,False,-100,5457.0,3.5
Portland Trail Blazers,Denver Nuggets,2021-11-23,L,1,False,-100,5357.0,5.5
LA Clippers,Dallas Mavericks,2021-11-23,-,1,False,0,5357.0,0
Indiana Pacers,Los Angeles Lakers,2021-11-24,W,1,True,105.0,5462.0,1.5
Cleveland Cavaliers,Phoenix Suns,2021-11-24,W,1,True,110.0,5572.0,6.0
Orlando Magic,Charlotte Hornets,2021-11-24,-,1,False,0,5572.0,0
Boston Celtics,Brooklyn Nets,2021-11-24,W,1,True,120.0,5692.0,0.0
Milwaukee Bucks,Detroit Pistons,2021-11-24,W,0,False,0,5692.0,14.0
Oklahoma City Thunder,Utah Jazz,2021-11-24,W,1,True,105.0,5797.0,12.5
Houston Rockets,Chicago Bulls,2021-11-24,W,1,True,120.0,5917.0,8.5
Minnesota Timberwolves,Miami Heat,2021-11-24,L,1,False,-100,5817.0,2.0
Memphis Grizzlies,Toronto Raptors,2021-11-24,W,1,True,120.0,5937.0,3.5
New Orleans Pelicans,Washington Wizards,2021-11-24,L,1,False,-100,5837.0,3.5
San Antonio Spurs,Atlanta Hawks,2021-11-24,W,1,True,72,5909.0,3.0
Sacramento Kings,Portland Trail Blazers,2021-11-24,L,1,False,-100,5809.0,3.0
Golden State Warriors,Philadelphia 76ers,2021-11-24,W,0,False,0,5809.0,10.5
LA Clippers,Detroit Pistons,2021-11-26,-,1,False,0,5809.0,0
Charlotte Hornets,Minnesota Timberwolves,2021-11-26,-,1,False,0,5809.0,0
New York Knicks,Phoenix Suns,2021-11-26,W,1,True,125.0,5934.0,3.0
Orlando Magic,Chicago Bulls,2021-11-26,W,1,True,120.0,6054.0,8.5
Memphis Grizzlies,Atlanta Hawks,2021-11-26,W,1,True,105.0,6159.0,2.0
Indiana Pacers,Toronto Raptors,2021-11-26,L,1,False,-100,6059.0,3.5
Oklahoma City Thunder,Washington Wizards,2021-11-26,W,1,True,100.0,6159.0,7.5
San Antonio Spurs,Boston Celtics,2021-11-26,L,1,False,-100,6059.0,2.5
Utah Jazz,New Orleans Pelicans,2021-11-26,W,1,True,115.0,6174.0,12.0
Denver Nuggets,Milwaukee Bucks,2021-11-26,W,1,True,115.0,6289.0,3.5
Golden State Warriors,Portland Trail Blazers,2021-11-26,W,0,False,0,6289.0,6.0
Los Angeles Lakers,Sacramento Kings,2021-11-26,W,1,True,80,6369.0,1.0
Philadelphia 76ers,Minnesota Timberwolves,2021-11-27,W,1,True,90,6459.0,4.0
Atlanta Hawks,New York Knicks,2021-11-27,W,1,True,72,6531.0,4.0
Brooklyn Nets,Phoenix Suns,2021-11-27,W,1,True,83,6614.0,3.0
Houston Rockets,Charlotte Hornets,2021-11-27,-,1,False,0,6614.0,0
Chicago Bulls,Miami Heat,2021-11-27,W,1,True,105.0,6719.0,1.0
Cleveland Cavaliers,Orlando Magic,2021-11-27,L,1,False,-100,6619.0,7.5
Dallas Mavericks,Washington Wizards,2021-11-27,W,1,True,110.0,6729.0,7.5
Utah Jazz,New Orleans Pelicans,2021-11-27,W,0,False,0,6729.0,13.0
LA Clippers,Golden State Warriors,2021-11-28,-,1,False,0,6729.0,0
Indiana Pacers,Milwaukee Bucks,2021-11-28,W,1,True,90,6819.0,3.0
Memphis Grizzlies,Sacramento Kings,2021-11-28,L,1,False,-100,6719.0,2.5
Toronto Raptors,Boston Celtics,2021-11-28,W,1,True,125.0,6844.0,2.5
Los Angeles Lakers,Detroit Pistons,2021-11-28,W,1,True,115.0,6959.0,9.5
Philadelphia 76ers,Orlando Magic,2021-11-29,W,1,True,83,7042.0,15.5
Miami Heat,Denver Nuggets,2021-11-29,W,1,True,120.0,7162.0,7.5
Houston Rockets,Oklahoma City Thunder,2021-11-29,L,1,False,-100,7062.0,3.0
Minnesota Timberwolves,Indiana Pacers,2021-11-29,W,1,True,83,7145.0,4.0
Chicago Bulls,Charlotte Hornets,2021-11-29,-,0,False,0,7145.0,0
Dallas Mavericks,Cleveland Cavaliers,2021-11-29,W,1,True,125.0,7270.0,5.0
San Antonio Spurs,Washington Wizards,2021-11-29,L,1,False,-100,7170.0,3.0
Utah Jazz,Portland Trail Blazers,2021-11-29,W,0,False,0,7170.0,7.5
LA Clippers,New Orleans Pelicans,2021-11-29,-,1,False,0,7170.0,0
Toronto Raptors,Memphis Grizzlies,2021-11-30,W,1,True,120.0,7290.0,4.5
Brooklyn Nets,New York Knicks,2021-11-30,W,1,True,115.0,7405.0,6.5
Sacramento Kings,Los Angeles Lakers,2021-11-30,W,1,True,90,7495.0,3.5
Phoenix Suns,Golden State Warriors,2021-11-30,L,1,False,-100,7395.0,2.5
Portland Trail Blazers,Detroit Pistons,2021-11-30,L,1,False,-100,7295.0,9.5
Washington Wizards,Minnesota Timberwolves,2021-12-01,W,0,False,0,7295.0,2.5
Indiana Pacers,Atlanta Hawks,2021-12-01,W,1,True,105.0,7400.0,1.0
Orlando Magic,Denver Nuggets,2021-12-01,W,1,True,125.0,7525.0,8.5
Boston Celtics,Philadelphia 76ers,2021-12-01,W,1,True,83,7608.0,2.5
Miami Heat,Cleveland Cavaliers,2021-12-01,W,1,True,72,7680.0,7.5
New Orleans Pelicans,Dallas Mavericks,2021-12-01,W,1,True,115.0,7795.0,3.5
Oklahoma City Thunder,Houston Rockets,2021-12-01,W,1,True,115.0,7910.0,3.5
Milwaukee Bucks,Charlotte Hornets,2021-12-01,-,1,False,0,7910.0,0
LA Clippers,Sacramento Kings,2021-12-01,-,0,False,0,7910.0,0
New York Knicks,Chicago Bulls,2021-12-02,W,1,True,120.0,8030.0,1.0
Toronto Raptors,Milwaukee Bucks,2021-12-02,W,1,True,80,8110.0,4.5
Memphis Grizzlies,Oklahoma City Thunder,2021-12-02,W,0,False,0,8110.0,9.5
Phoenix Suns,Detroit Pistons,2021-12-02,W,1,True,100.0,8210.0,13.0
Portland Trail Blazers,San Antonio Spurs,2021-12-02,W,1,True,110.0,8320.0,3.5
Indiana Pacers,Miami Heat,2021-12-03,W,1,True,100.0,8420.0,5.5
Washington Wizards,Cleveland Cavaliers,2021-12-03,W,1,True,83,8503.0,3.0
Atlanta Hawks,Philadelphia 76ers,2021-12-03,W,1,True,120.0,8623.0,3.0
Brooklyn Nets,Minnesota Timberwolves,2021-12-03,W,1,True,83,8706.0,8.0
Houston Rockets,Orlando Magic,2021-12-03,W,1,True,115.0,8821.0,3.0
Dallas Mavericks,New Orleans Pelicans,2021-12-03,W,1,True,100.0,8921.0,7.5
Utah Jazz,Boston Celtics,2021-12-03,W,1,True,90,9011.0,9.0
Golden State Warriors,Phoenix Suns,2021-12-03,L,1,False,-100,8911.0,7.0
Los Angeles Lakers,LA Clippers,2021-12-03,-,1,False,0,8911.0,0
New York Knicks,Denver Nuggets,2021-12-04,W,1,True,83,8994.0,1.5
Brooklyn Nets,Chicago Bulls,2021-12-04,W,1,True,110.0,9104.0,3.0
Milwaukee Bucks,Miami Heat,2021-12-04,L,1,False,-100,9004.0,5.5
Dallas Mavericks,Memphis Grizzlies,2021-12-04,W,1,True,83,9087.0,5.5
Golden State Warriors,San Antonio Spurs,2021-12-04,W,1,True,120.0,9207.0,10.0
Portland Trail Blazers,Boston Celtics,2021-12-04,W,1,True,120.0,9327.0,1.5
Sacramento Kings,LA Clippers,2021-12-04,-,1,False,0,9327.0,0
Cleveland Cavaliers,Utah Jazz,2021-12-05,W,1,True,110.0,9437.0,6.0
Toronto Raptors,Washington Wizards,2021-12-05,L,1,False,-100,9337.0,1.5
Atlanta Hawks,Charlotte Hornets,2021-12-05,-,0,False,0,9337.0,0
Houston Rockets,New Orleans Pelicans,2021-12-05,L,1,False,-100,9237.0,3.0
Charlotte Hornets,Philadelphia 76ers,2021-12-06,-,1,False,0,9237.0,0
Detroit Pistons,Oklahoma City Thunder,2021-12-06,W,1,True,83,9320.0,4.5
Indiana Pacers,Washington Wizards,2021-12-06,L,1,False,-100,9220.0,5.5
Miami Heat,Memphis Grizzlies,2021-12-06,W,1,True,125.0,9345.0,4.5
Chicago Bulls,Denver Nuggets,2021-12-06,L,1,False,-100,9245.0,5.0
Minnesota Timberwolves,Atlanta Hawks,2021-12-06,W,1,True,90,9335.0,1.5
Milwaukee Bucks,Cleveland Cavaliers,2021-12-06,W,0,False,0,9335.0,7.5
Phoenix Suns,San Antonio Spurs,2021-12-06,W,1,True,100.0,9435.0,7.5
Portland Trail Blazers,LA Clippers,2021-12-06,-,1,False,0,9435.0,0
Golden State Warriors,Orlando Magic,2021-12-06,L,1,False,-100,9335.0,13.5
Dallas Mavericks,Brooklyn Nets,2021-12-07,W,1,True,125.0,9460.0,2.5
San Antonio Spurs,New York Knicks,2021-12-07,W,1,True,110.0,9570.0,2.5
Los Angeles Lakers,Boston Celtics,2021-12-07,W,0,False,0,9570.0,2.5
Indiana Pacers,New York Knicks,2021-12-08,L,1,False,-100,9470.0,4.5
Cleveland Cavaliers,Chicago Bulls,2021-12-08,L,1,False,-100,9370.0,0.0
Detroit Pistons,Washington Wizards,2021-12-08,W,1,True,105.0,9475.0,5.5
Charlotte Hornets,Philadelphia 76ers,2021-12-08,-,1,False,0,9475.0,0
Toronto Raptors,Oklahoma City Thunder,2021-12-08,W,1,True,83,9558.0,7.0
Miami Heat,Milwaukee Bucks,2021-12-08,L,1,False,-100,9458.0,6.5
Houston Rockets,Brooklyn Nets,2021-12-08,L,1,False,-100,9358.0,6.5
Minnesota Timberwolves,Utah Jazz,2021-12-08,W,1,True,105.0,9463.0,8.5
Memphis Grizzlies,Dallas Mavericks,2021-12-08,W,1,True,115.0,9578.0,4.5
New Orleans Pelicans,Denver Nuggets,2021-12-08,W,1,True,125.0,9703.0,4.0
Sacramento Kings,Orlando Magic,2021-12-08,L,1,False,-100,9603.0,8.0
Golden State Warriors,Portland Trail Blazers,2021-12-08,L,0,True,0,9603.0,13.5
LA Clippers,Boston Celtics,2021-12-08,-,1,False,0,9603.0,0
Philadelphia 76ers,Utah Jazz,2021-12-09,W,1,True,110.0,9713.0,3.5
Memphis Grizzlies,Los Angeles Lakers,2021-12-09,L,1,False,-100,9613.0,2.5
San Antonio Spurs,Denver Nuggets,2021-12-09,L,1,False,-100,9513.0,1.5
Charlotte Hornets,Sacramento Kings,2021-12-10,-,1,False,0,9513.0,0
Indiana Pacers,Dallas Mavericks,2021-12-10,L,1,False,-100,9413.0,2.0
Atlanta Hawks,Brooklyn Nets,2021-12-10,W,1,True,110.0,9523.0,1.0
Toronto Raptors,New York Knicks,2021-12-10,L,1,False,-100,9423.0,1.5
Minnesota Timberwolves,Cleveland Cavaliers,2021-12-10,W,1,True,110.0,9533.0,1.0
Houston Rockets,Milwaukee Bucks,2021-12-10,W,1,True,80,9613.0,7.5
Oklahoma City Thunder,Los Angeles Lakers,2021-12-10,W,1,True,125.0,9738.0,6.0
New Orleans Pelicans,Detroit Pistons,2021-12-10,L,1,False,-100,9638.0,6.5
Phoenix Suns,Boston Celtics,2021-12-10,W,0,False,0,9638.0,5.5
LA Clippers,Orlando Magic,2021-12-11,-,1,False,0,9638.0,0
Washington Wizards,Utah Jazz,2021-12-11,W,1,True,110.0,9748.0,5.5
Memphis Grizzlies,Houston Rockets,2021-12-11,W,1,True,105.0,9853.0,9.5
Miami Heat,Chicago Bulls,2021-12-11,L,1,False,-100,9753.0,1.0
Cleveland Cavaliers,Sacramento Kings,2021-12-11,W,0,False,0,9753.0,7.0
Philadelphia 76ers,Golden State Warriors,2021-12-11,L,1,False,-100,9653.0,3.5
San Antonio Spurs,Denver Nuggets,2021-12-11,W,1,True,72,9725.0,2.0
New York Knicks,Milwaukee Bucks,2021-12-12,W,1,True,90,9815.0,3.0
Detroit Pistons,Brooklyn Nets,2021-12-12,W,1,True,72,9887.0,9.5
San Antonio Spurs,New Orleans Pelicans,2021-12-12,L,1,False,-100,9787.0,3.0
Oklahoma City Thunder,Dallas Mavericks,2021-12-12,W,1,True,115.0,9902.0,5.0
Portland Trail Blazers,Minnesota Timberwolves,2021-12-12,W,1,True,83,9985.0,1.0
Los Angeles Lakers,Orlando Magic,2021-12-12,L,1,False,-100,9885.0,11.5
Cleveland Cavaliers,Miami Heat,2021-12-13,L,1,False,-100,9785.0,4.5
Indiana Pacers,Golden State Warriors,2021-12-13,W,1,True,83,9868.0,3.5
Toronto Raptors,Sacramento Kings,2021-12-13,W,0,False,0,9868.0,5.0
Atlanta Hawks,Houston Rockets,2021-12-13,W,1,True,80,9948.0,12.5
Boston Celtics,Milwaukee Bucks,2021-12-13,L,1,False,-100,9848.0,2.0
Memphis Grizzlies,Philadelphia 76ers,2021-12-13,L,1,False,-100,9748.0,2.0
Dallas Mavericks,Charlotte Hornets,2021-12-13,-,1,False,0,9748.0,0
Denver Nuggets,Washington Wizards,2021-12-13,W,0,False,0,9748.0,3.5
LA Clippers,Phoenix Suns,2021-12-13,-,1,False,0,9748.0,0
New York Knicks,Golden State Warriors,2021-12-14,W,1,True,90,9838.0,3.5
Brooklyn Nets,Toronto Raptors,2021-12-14,W,1,True,110.0,9948.0,8.5
Portland Trail Blazers,Phoenix Suns,2021-12-14,W,1,True,110.0,10058.0,2.5
Orlando Magic,Atlanta Hawks,2021-12-15,W,1,True,125.0,10183.0,8.0
Cleveland Cavaliers,Houston Rockets,2021-12-15,W,0,False,0,10183.0,8.5
Philadelphia 76ers,Miami Heat,2021-12-15,W,1,True,72,10255.0,3.0
Dallas Mavericks,Los Angeles Lakers,2021-12-15,W,1,True,100.0,10355.0,0.0
Oklahoma City Thunder,New Orleans Pelicans,2021-12-15,W,1,True,80,10435.0,1.5
Milwaukee Bucks,Indiana Pacers,2021-12-15,W,0,False,0,10435.0,1.0
San Antonio Spurs,Charlotte Hornets,2021-12-15,-,1,False,0,10435.0,0
Denver Nuggets,Minnesota Timberwolves,2021-12-15,W,1,True,115.0,10550.0,4.5
Sacramento Kings,Washington Wizards,2021-12-15,L,1,False,-100,10450.0,0.0
Utah Jazz,LA Clippers,2021-12-15,-,1,False,0,10450.0,0
Portland Trail Blazers,Memphis Grizzlies,2021-12-15,W,1,True,110.0,10560.0,1.5
Indiana Pacers,Detroit Pistons,2021-12-16,W,1,True,80,10640.0,10.5
Brooklyn Nets,Philadelphia 76ers,2021-12-16,L,1,False,-100,10540.0,0.0
Houston Rockets,New York Knicks,2021-12-16,W,1,True,72,10612.0,4.5
Phoenix Suns,Washington Wizards,2021-12-16,W,0,False,0,10612.0,9.0
Orlando Magic,Miami Heat,2021-12-17,W,1,True,80,10692.0,3.5
Atlanta Hawks,Denver Nuggets,2021-12-17,W,1,True,120.0,10812.0,4.5
Boston Celtics,Golden State Warriors,2021-12-17,W,1,True,83,10895.0,3.5
Minnesota Timberwolves,Los Angeles Lakers,2021-12-17,W,0,False,0,10895.0,0.0
Utah Jazz,San Antonio Spurs,2021-12-17,W,1,True,105.0,11000.0,12.0
Portland Trail Blazers,Charlotte Hornets,2021-12-17,-,1,False,0,11000.0,0
Sacramento Kings,Memphis Grizzlies,2021-12-17,W,1,True,115.0,11115.0,2.0
New Orleans Pelicans,Milwaukee Bucks,2021-12-17,L,1,False,-100,11015.0,2.5
Detroit Pistons,Houston Rockets,2021-12-18,W,1,True,115.0,11130.0,1.5
Brooklyn Nets,Orlando Magic,2021-12-18,W,1,True,115.0,11245.0,2.0
Toronto Raptors,Golden State Warriors,2021-12-18,L,1,False,-100,11145.0,8.5
Oklahoma City Thunder,LA Clippers,2021-12-18,-,1,False,0,11145.0,0
Boston Celtics,New York Knicks,2021-12-18,L,1,False,-100,11045.0,4.5
Milwaukee Bucks,Cleveland Cavaliers,2021-12-18,W,1,True,120.0,11165.0,1.5
Utah Jazz,Washington Wizards,2021-12-18,W,1,True,90,11255.0,11.5
Chicago Bulls,Los Angeles Lakers,2021-12-19,L,1,False,-100,11155.0,4.5
Sacramento Kings,San Antonio Spurs,2021-12-19,L,1,False,-100,11055.0,4.5
Memphis Grizzlies,Portland Trail Blazers,2021-12-19,W,1,True,110.0,11165.0,4.5
Detroit Pistons,Miami Heat,2021-12-19,L,1,False,-100,11065.0,6.0
Minnesota Timberwolves,Dallas Mavericks,2021-12-19,W,0,False,0,11065.0,3.5
Phoenix Suns,Charlotte Hornets,2021-12-19,-,0,False,0,11065.0,0
Boston Celtics,Philadelphia 76ers,2021-12-20,W,1,True,105.0,11170.0,3.0
Memphis Grizzlies,Oklahoma City Thunder,2021-12-20,W,1,True,125.0,11295.0,10.0
Chicago Bulls,Houston Rockets,2021-12-20,W,0,False,0,11295.0,8.5
Utah Jazz,Charlotte Hornets,2021-12-20,-,1,False,0,11295.0,0
Golden State Warriors,Sacramento Kings,2021-12-20,L,1,False,-100,11195.0,13.5
LA Clippers,San Antonio Spurs,2021-12-20,-,1,False,0,11195.0,0
New York Knicks,Detroit Pistons,2021-12-21,L,1,False,-100,11095.0,9.5
Miami Heat,Indiana Pacers,2021-12-21,L,1,False,-100,10995.0,0.0
New Orleans Pelicans,Portland Trail Blazers,2021-12-21,L,1,False,-100,10895.0,0.0
Dallas Mavericks,Minnesota Timberwolves,2021-12-21,L,1,False,-100,10795.0,1.0
Los Angeles Lakers,Phoenix Suns,2021-12-21,W,1,True,100.0,10895.0,6.5
Atlanta Hawks,Orlando Magic,2021-12-22,W,1,True,72,10967.0,5.5
Boston Celtics,Cleveland Cavaliers,2021-12-22,L,1,False,-100,10867.0,8.5
Milwaukee Bucks,Houston Rockets,2021-12-22,W,0,False,0,10867.0,9.0
Oklahoma City Thunder,Denver Nuggets,2021-12-22,L,1,False,-100,10767.0,5.0
Sacramento Kings,LA Clippers,2021-12-22,-,1,False,0,10767.0,0
Philadelphia 76ers,Atlanta Hawks,2021-12-23,L,0,True,0,10767.0,9.5
Indiana Pacers,Houston Rockets,2021-12-23,L,1,False,-100,10667.0,8.5
Orlando Magic,New Orleans Pelicans,2021-12-23,W,1,True,72,10739.0,5.0
Miami Heat,Detroit Pistons,2021-12-23,W,1,True,72,10811.0,9.5
New York Knicks,Washington Wizards,2021-12-23,W,1,True,83,10894.0,1.0
Dallas Mavericks,Milwaukee Bucks,2021-12-23,W,1,True,83,10977.0,5.0
Utah Jazz,Minnesota Timberwolves,2021-12-23,W,0,False,0,10977.0,9.5
Denver Nuggets,Charlotte Hornets,2021-12-23,-,1,False,0,10977.0,0
Phoenix Suns,Oklahoma City Thunder,2021-12-23,L,0,True,0,10977.0,14.5
Golden State Warriors,Memphis Grizzlies,2021-12-23,W,0,False,0,10977.0,6.0
Los Angeles Lakers,San Antonio Spurs,2021-12-23,W,1,True,120.0,11097.0,1.0
New York Knicks,Atlanta Hawks,2021-12-25,L,1,False,-100,10997.0,1.0
Milwaukee Bucks,Boston Celtics,2021-12-25,W,1,True,115.0,11112.0,7.5
Phoenix Suns,Golden State Warriors,2021-12-25,W,1,True,83,11195.0,3.5
Los Angeles Lakers,Brooklyn Nets,2021-12-25,W,1,True,105.0,11300.0,1.5
Utah Jazz,Dallas Mavericks,2021-12-25,W,1,True,90,11390.0,5.0
Miami Heat,Orlando Magic,2021-12-26,W,0,False,0,11390.0,8.5
Washington Wizards,Philadelphia 76ers,2021-12-26,W,1,True,83,11473.0,2.0
Cleveland Cavaliers,Toronto Raptors,2021-12-26,W,0,False,0,11473.0,7.5
Sacramento Kings,Memphis Grizzlies,2021-12-26,W,1,True,83,11556.0,5.0
Oklahoma City Thunder,New Orleans Pelicans,2021-12-26,L,1,False,-100,11456.0,1.0
San Antonio Spurs,Detroit Pistons,2021-12-26,W,0,False,0,11456.0,10.0
Chicago Bulls,Indiana Pacers,2021-12-26,W,1,True,110.0,11566.0,8.0
LA Clippers,Denver Nuggets,2021-12-26,-,0,False,0,11566.0,0
Charlotte Hornets,Houston Rockets,2021-12-27,-,1,False,0,11566.0,0
Atlanta Hawks,Chicago Bulls,2021-12-27,W,1,True,110.0,11676.0,6.5
Minnesota Timberwolves,Boston Celtics,2021-12-27,W,1,True,110.0,11786.0,8.5
San Antonio Spurs,Utah Jazz,2021-12-27,W,1,True,83,11869.0,7.0
Portland Trail Blazers,Dallas Mavericks,2021-12-27,W,1,True,72,11941.0,1.5
LA Clippers,Brooklyn Nets,2021-12-27,-,1,False,0,11941.0,0
Orlando Magic,Milwaukee Bucks,2021-12-28,W,1,True,110.0,12051.0,12.5
Toronto Raptors,Philadelphia 76ers,2021-12-28,W,1,True,120.0,12171.0,6.5
Miami Heat,Washington Wizards,2021-12-28,L,1,False,-100,12071.0,6.0
Minnesota Timberwolves,New York Knicks,2021-12-28,W,1,True,72,12143.0,4.5
Houston Rockets,Los Angeles Lakers,2021-12-28,W,1,True,83,12226.0,4.5
New Orleans Pelicans,Cleveland Cavaliers,2021-12-28,W,1,True,100.0,12326.0,5.5
Golden State Warriors,Denver Nuggets,2021-12-28,W,1,True,72,12398.0,7.5
Detroit Pistons,New York Knicks,2021-12-29,W,1,True,105.0,12503.0,6.5
Indiana Pacers,Charlotte Hornets,2021-12-29,-,1,False,0,12503.0,0
Boston Celtics,LA Clippers,2021-12-29,-,1,False,0,12503.0,0
Memphis Grizzlies,Los Angeles Lakers,2021-12-29,W,0,False,0,12503.0,4.5
Chicago Bulls,Atlanta Hawks,2021-12-29,W,0,False,0,12503.0,8.5
Phoenix Suns,Oklahoma City Thunder,2021-12-29,W,0,False,0,12503.0,15.0
Portland Trail Blazers,Utah Jazz,2021-12-29,W,1,True,83,12586.0,6.0
Sacramento Kings,Dallas Mavericks,2021-12-29,W,1,True,83,12669.0,1.5
Brooklyn Nets,Philadelphia 76ers,2021-12-30,W,1,True,83,12752.0,3.0
Washington Wizards,Cleveland Cavaliers,2021-12-30,L,1,False,-100,12652.0,4.5
Orlando Magic,Milwaukee Bucks,2021-12-30,W,1,True,120.0,12772.0,12.5
Boston Celtics,Phoenix Suns,2021-12-31,L,1,False,-100,12672.0,4.0
Indiana Pacers,Chicago Bulls,2021-12-31,W,1,True,110.0,12782.0,4.0
Sacramento Kings,Dallas Mavericks,2021-12-31,W,1,True,83,12865.0,0.0
Houston Rockets,Miami Heat,2021-12-31,W,1,True,83,12948.0,4.5
Cleveland Cavaliers,Atlanta Hawks,2021-12-31,W,1,True,83,13031.0,1.0
Toronto Raptors,LA Clippers,2021-12-31,-,1,False,0,13031.0,0
Memphis Grizzlies,San Antonio Spurs,2021-12-31,W,0,False,0,13031.0,4.5
Utah Jazz,Minnesota Timberwolves,2021-12-31,W,0,False,0,13031.0,10.5
Los Angeles Lakers,Portland Trail Blazers,2021-12-31,W,0,False,0,13031.0,5.5
Toronto Raptors,New York Knicks,2022-01-02,W,0,False,0,13031.0,7.5
Sacramento Kings,Miami Heat,2022-01-02,W,1,True,115.0,13146.0,3.5
Oklahoma City Thunder,Dallas Mavericks,2022-01-02,W,1,True,125.0,13271.0,8.5
Charlotte Hornets,Phoenix Suns,2022-01-02,-,1,False,0,13271.0,0
New Orleans Pelicans,Utah Jazz,2022-01-03,W,1,True,110.0,13381.0,10.0
Golden State Warriors,Miami Heat,2022-01-03,L,0,True,0,13381.0,9.0
Dallas Mavericks,Golden State Warriors,2022-01-05,L,1,False,-100,13281.0,4.5
Milwaukee Bucks,Toronto Raptors,2022-01-05,W,1,True,72,13353.0,7.0
Denver Nuggets,Utah Jazz,2022-01-05,W,1,True,110.0,13463.0,5.5
New Orleans Pelicans,Golden State Warriors,2022-01-06,W,1,True,125.0,13588.0,6.5
Philadelphia 76ers,San Antonio Spurs,2022-01-07,L,1,False,-100,13488.0,5.0
Houston Rockets,Dallas Mavericks,2022-01-07,W,1,True,90,13578.0,0.0
Oklahoma City Thunder,Minnesota Timberwolves,2022-01-07,W,1,True,90,13668.0,5.5
Portland Trail Blazers,Cleveland Cavaliers,2022-01-07,W,1,True,125.0,13793.0,4.5
Detroit Pistons,Orlando Magic,2022-01-08,L,1,False,-100,13693.0,2.5
Boston Celtics,New York Knicks,2022-01-08,W,0,False,0,13693.0,6.0
Houston Rockets,Minnesota Timberwolves,2022-01-09,W,1,True,110.0,13803.0,7.0
Oklahoma City Thunder,Denver Nuggets,2022-01-09,W,1,True,90,13893.0,6.5
Brooklyn Nets,San Antonio Spurs,2022-01-09,W,1,True,83,13976.0,10.0
Golden State Warriors,Cleveland Cavaliers,2022-01-09,W,0,False,0,13976.0,9.0
Portland Trail Blazers,Sacramento Kings,2022-01-09,L,1,False,-100,13876.0,1.0
Houston Rockets,Philadelphia 76ers,2022-01-10,W,1,True,72,13948.0,10.5
Washington Wizards,Oklahoma City Thunder,2022-01-11,L,0,True,0,13948.0,9.5
Toronto Raptors,Phoenix Suns,2022-01-11,W,1,True,72,14020.0,4.5
New Orleans Pelicans,Minnesota Timberwolves,2022-01-11,W,1,True,80,14100.0,3.0
Washington Wizards,Orlando Magic,2022-01-12,W,1,True,83,14183.0,9.0
San Antonio Spurs,Houston Rockets,2022-01-12,W,1,True,120.0,14303.0,6.0
Memphis Grizzlies,Minnesota Timberwolves,2022-01-13,L,1,False,-100,14203.0,4.5
New Orleans Pelicans,LA Clippers,2022-01-13,-,1,False,0,14203.0,0
Detroit Pistons,Toronto Raptors,2022-01-14,L,1,False,-100,14103.0,7.5
Indiana Pacers,Phoenix Suns,2022-01-14,W,1,True,83,14186.0,6.0
Memphis Grizzlies,Dallas Mavericks,2022-01-14,W,1,True,72,14258.0,3.0
Milwaukee Bucks,Toronto Raptors,2022-01-15,L,0,True,0,14258.0,7.5
Brooklyn Nets,New Orleans Pelicans,2022-01-15,W,0,False,0,14258.0,8.5
Oklahoma City Thunder,Cleveland Cavaliers,2022-01-15,W,1,True,83,14341.0,6.5
Boston Celtics,Chicago Bulls,2022-01-15,W,1,True,80,14421.0,2.5
San Antonio Spurs,LA Clippers,2022-01-15,-,1,False,0,14421.0,0
Sacramento Kings,Houston Rockets,2022-01-16,W,1,True,83,14504.0,5.0
Minnesota Timberwolves,Golden State Warriors,2022-01-16,L,1,False,-100,14404.0,2.5
Detroit Pistons,Phoenix Suns,2022-01-16,W,1,True,83,14487.0,12.0
Cleveland Cavaliers,Brooklyn Nets,2022-01-17,L,1,False,-100,14387.0,2.5
Miami Heat,Toronto Raptors,2022-01-17,W,0,False,0,14387.0,4.0
Dallas Mavericks,Oklahoma City Thunder,2022-01-17,W,1,True,115.0,14502.0,10.5
Golden State Warriors,Detroit Pistons,2022-01-18,W,0,False,0,14502.0,14.5
Washington Wizards,Brooklyn Nets,2022-01-19,W,1,True,90,14592.0,0.0
Philadelphia 76ers,Orlando Magic,2022-01-19,W,0,False,0,14592.0,11.5
Miami Heat,Portland Trail Blazers,2022-01-19,L,1,False,-100,14492.0,9.0
Atlanta Hawks,Minnesota Timberwolves,2022-01-19,L,1,False,-100,14392.0,2.5
Chicago Bulls,Cleveland Cavaliers,2022-01-19,L,1,False,-100,14292.0,0.0
Milwaukee Bucks,Memphis Grizzlies,2022-01-19,L,1,False,-100,14192.0,4.5
Dallas Mavericks,Toronto Raptors,2022-01-19,W,0,False,0,14192.0,3.5
San Antonio Spurs,Oklahoma City Thunder,2022-01-19,L,1,False,-100,14092.0,6.5
Sacramento Kings,Detroit Pistons,2022-01-19,W,1,True,100.0,14192.0,5.5
Denver Nuggets,LA Clippers,2022-01-19,-,1,False,0,14192.0,0
New York Knicks,New Orleans Pelicans,2022-01-20,W,1,True,90,14282.0,2.5
Dallas Mavericks,Phoenix Suns,2022-01-20,W,1,True,72,14354.0,2.5
Philadelphia 76ers,LA Clippers,2022-01-21,-,0,False,0,14354.0,0
Milwaukee Bucks,Chicago Bulls,2022-01-21,W,1,True,72,14426.0,8.0
Utah Jazz,Detroit Pistons,2022-01-21,W,1,True,125.0,14551.0,15.5
Denver Nuggets,Memphis Grizzlies,2022-01-21,W,1,True,83,14634.0,3.5
New York Knicks,LA Clippers,2022-01-23,-,0,False,0,14634.0,0
Washington Wizards,Boston Celtics,2022-01-23,W,1,True,80,14714.0,1.5
Toronto Raptors,Portland Trail Blazers,2022-01-23,W,1,True,125.0,14839.0,7.5
Dallas Mavericks,Memphis Grizzlies,2022-01-23,W,0,False,0,14839.0,2.5
Denver Nuggets,Detroit Pistons,2022-01-23,W,1,True,83,14922.0,11.0
Golden State Warriors,Utah Jazz,2022-01-23,L,1,False,-100,14822.0,1.0
Cleveland Cavaliers,New York Knicks,2022-01-24,W,1,True,83,14905.0,7.5
Oklahoma City Thunder,Chicago Bulls,2022-01-24,W,1,True,125.0,15030.0,1.5
Washington Wizards,LA Clippers,2022-01-25,-,1,False,0,15030.0,0
Detroit Pistons,Denver Nuggets,2022-01-25,W,1,True,100.0,15130.0,6.5
Boston Celtics,Sacramento Kings,2022-01-25,W,0,False,0,15130.0,9.0
Golden State Warriors,Dallas Mavericks,2022-01-25,W,0,False,0,15130.0,5.0
Portland Trail Blazers,Minnesota Timberwolves,2022-01-25,W,1,True,90,15220.0,3.5
Philadelphia 76ers,New Orleans Pelicans,2022-01-25,L,1,False,-100,15120.0,9.0
Orlando Magic,LA Clippers,2022-01-26,-,1,False,0,15120.0,0
Cleveland Cavaliers,Milwaukee Bucks,2022-01-26,W,0,False,0,15120.0,4.5
Atlanta Hawks,Sacramento Kings,2022-01-26,L,1,False,-100,15020.0,7.5
San Antonio Spurs,Memphis Grizzlies,2022-01-26,W,1,True,125.0,15145.0,2.0
Portland Trail Blazers,Dallas Mavericks,2022-01-26,W,1,True,105.0,15250.0,3.5
Golden State Warriors,Minnesota Timberwolves,2022-01-27,W,0,False,0,15250.0,5.5
San Antonio Spurs,Chicago Bulls,2022-01-28,L,1,False,-100,15150.0,2.0
Milwaukee Bucks,New York Knicks,2022-01-28,L,1,False,-100,15050.0,9.5
New Orleans Pelicans,Denver Nuggets,2022-01-28,W,1,True,80,15130.0,4.5
Chicago Bulls,Portland Trail Blazers,2022-01-30,L,1,False,-100,15030.0,6.5
Detroit Pistons,Cleveland Cavaliers,2022-01-30,L,1,False,-100,14930.0,8.0
Milwaukee Bucks,Denver Nuggets,2022-01-30,W,1,True,90,15020.0,6.5
Orlando Magic,Dallas Mavericks,2022-01-30,W,1,True,100.0,15120.0,6.5
Phoenix Suns,San Antonio Spurs,2022-01-30,W,1,True,105.0,15225.0,8.5
Cleveland Cavaliers,New Orleans Pelicans,2022-01-31,W,1,True,83,15308.0,8.0
Philadelphia 76ers,Memphis Grizzlies,2022-01-31,W,1,True,110.0,15418.0,3.5
New York Knicks,Sacramento Kings,2022-01-31,W,0,False,0,15418.0,5.0
Boston Celtics,Miami Heat,2022-01-31,W,0,False,0,15418.0,3.0
Houston Rockets,Golden State Warriors,2022-01-31,W,1,True,125.0,15543.0,11.0
Oklahoma City Thunder,Portland Trail Blazers,2022-01-31,L,1,False,-100,15443.0,4.0
Atlanta Hawks,Toronto Raptors,2022-01-31,W,1,True,110.0,15553.0,2.0
Milwaukee Bucks,Washington Wizards,2022-02-01,W,0,False,0,15553.0,11.5
Chicago Bulls,Orlando Magic,2022-02-01,L,1,False,-100,15453.0,10.5
San Antonio Spurs,Golden State Warriors,2022-02-01,W,1,True,90,15543.0,2.5
Phoenix Suns,Brooklyn Nets,2022-02-01,W,0,False,0,15543.0,7.0
Toronto Raptors,Miami Heat,2022-02-01,L,1,False,-100,15443.0,2.5
Philadelphia 76ers,Washington Wizards,2022-02-02,W,1,True,90,15533.0,9.5
Indiana Pacers,Orlando Magic,2022-02-02,W,1,True,100.0,15633.0,5.0
New York Knicks,Memphis Grizzlies,2022-02-02,W,1,True,110.0,15743.0,4.5
Dallas Mavericks,Oklahoma City Thunder,2022-02-02,W,1,True,90,15833.0,11.0
Sacramento Kings,Brooklyn Nets,2022-02-02,L,1,False,-100,15733.0,4.5
Los Angeles Lakers,Portland Trail Blazers,2022-02-02,W,0,False,0,15733.0,2.5
Detroit Pistons,Minnesota Timberwolves,2022-02-03,W,1,True,100.0,15833.0,7.5
Atlanta Hawks,Phoenix Suns,2022-02-03,L,1,False,-100,15733.0,5.5
Toronto Raptors,Chicago Bulls,2022-02-03,L,1,False,-100,15633.0,3.5
Indiana Pacers,Chicago Bulls,2022-02-04,W,1,True,80,15713.0,3.0
Toronto Raptors,Atlanta Hawks,2022-02-04,W,0,False,0,15713.0,1.5
Dallas Mavericks,Philadelphia 76ers,2022-02-04,L,1,False,-100,15613.0,1.5
Denver Nuggets,New Orleans Pelicans,2022-02-04,W,1,True,83,15696.0,6.0
Orlando Magic,Memphis Grizzlies,2022-02-05,W,1,True,80,15776.0,7.5
Washington Wizards,Phoenix Suns,2022-02-05,W,1,True,125.0,15901.0,7.5
Los Angeles Lakers,New York Knicks,2022-02-05,W,0,False,0,15901.0,2.0
Minnesota Timberwolves,Detroit Pistons,2022-02-06,W,0,False,0,15901.0,11.5
Chicago Bulls,Philadelphia 76ers,2022-02-06,W,1,True,125.0,16026.0,1.5
Dallas Mavericks,Atlanta Hawks,2022-02-06,W,0,False,0,16026.0,2.5
Orlando Magic,Boston Celtics,2022-02-06,W,1,True,83,16109.0,7.0
Houston Rockets,New Orleans Pelicans,2022-02-06,W,1,True,105.0,16214.0,4.5
New Orleans Pelicans,Houston Rockets,2022-02-08,L,1,False,-100,16114.0,8.5
Memphis Grizzlies,LA Clippers,2022-02-08,-,0,False,0,16114.0,0
Sacramento Kings,Minnesota Timberwolves,2022-02-09,L,1,False,-100,16014.0,9.0
Utah Jazz,Golden State Warriors,2022-02-09,L,1,False,-100,15914.0,2.0
Washington Wizards,Brooklyn Nets,2022-02-10,W,1,True,83,15997.0,3.0
New Orleans Pelicans,Miami Heat,2022-02-10,W,1,True,100.0,16097.0,4.5
Houston Rockets,Toronto Raptors,2022-02-10,W,1,True,105.0,16202.0,8.0
Phoenix Suns,Milwaukee Bucks,2022-02-10,W,0,False,0,16202.0,3.5
Philadelphia 76ers,Oklahoma City Thunder,2022-02-11,W,0,False,0,16202.0,12.5
Boston Celtics,Denver Nuggets,2022-02-11,L,1,False,-100,16102.0,3.5
Toronto Raptors,Denver Nuggets,2022-02-12,L,0,True,0,16102.0,3.5
Miami Heat,Brooklyn Nets,2022-02-12,L,0,True,0,16102.0,10.0
Dallas Mavericks,LA Clippers,2022-02-12,-,1,False,0,16102.0,0
New Orleans Pelicans,Toronto Raptors,2022-02-14,L,1,False,-100,16002.0,4.0
Chicago Bulls,San Antonio Spurs,2022-02-14,L,1,False,-100,15902.0,4.5
Denver Nuggets,Orlando Magic,2022-02-14,W,1,True,83,15985.0,10.5
Philadelphia 76ers,Boston Celtics,2022-02-15,W,1,True,100.0,16085.0,1.0
Miami Heat,Dallas Mavericks,2022-02-15,W,1,True,125.0,16210.0,1.5
Atlanta Hawks,Cleveland Cavaliers,2022-02-15,L,1,False,-100,16110.0,1.5
Phoenix Suns,LA Clippers,2022-02-15,-,1,False,0,16110.0,0
New York Knicks,Brooklyn Nets,2022-02-16,W,1,True,120.0,16230.0,5.0
Boston Celtics,Detroit Pistons,2022-02-16,W,1,True,90,16320.0,13.5
Chicago Bulls,Sacramento Kings,2022-02-16,W,0,False,0,16320.0,5.5
Oklahoma City Thunder,San Antonio Spurs,2022-02-16,W,1,True,125.0,16445.0,6.5
Phoenix Suns,Houston Rockets,2022-02-16,L,0,True,0,16445.0,15.5
Golden State Warriors,Denver Nuggets,2022-02-16,W,1,True,90,16535.0,8.0
New Orleans Pelicans,Dallas Mavericks,2022-02-17,W,1,True,120.0,16655.0,3.5
LA Clippers,Houston Rockets,2022-02-17,-,1,False,0,16655.0,0
Brooklyn Nets,Boston Celtics,2022-02-24,W,1,True,90,16745.0,4.0
Oklahoma City Thunder,Phoenix Suns,2022-02-24,W,1,True,83,16828.0,10.5
Minnesota Timberwolves,Philadelphia 76ers,2022-02-25,L,0,True,0,16828.0,1.0
Los Angeles Lakers,LA Clippers,2022-02-25,-,1,False,0,16828.0,0
Miami Heat,San Antonio Spurs,2022-02-26,W,1,True,90,16918.0,7.5
Milwaukee Bucks,Brooklyn Nets,2022-02-26,L,0,True,0,16918.0,9.5
Denver Nuggets,Sacramento Kings,2022-02-26,W,1,True,90,17008.0,9.5
New York Knicks,Philadelphia 76ers,2022-02-27,W,1,True,72,17080.0,6.5
Phoenix Suns,Utah Jazz,2022-02-27,W,1,True,83,17163.0,1.5
Indiana Pacers,Boston Celtics,2022-02-27,L,1,False,-100,17063.0,7.0
Orlando Magic,Indiana Pacers,2022-02-28,L,1,False,-100,16963.0,2.0
Miami Heat,Chicago Bulls,2022-02-28,W,0,False,0,16963.0,5.0
Memphis Grizzlies,San Antonio Spurs,2022-02-28,L,1,False,-100,16863.0,9.0
Houston Rockets,LA Clippers,2022-03-01,-,1,False,0,16863.0,0
Orlando Magic,Indiana Pacers,2022-03-02,W,1,True,110.0,16973.0,2.0
Philadelphia 76ers,New York Knicks,2022-03-02,W,0,False,0,16973.0,10.5
Houston Rockets,Utah Jazz,2022-03-02,W,1,True,105.0,17078.0,10.5
Detroit Pistons,Indiana Pacers,2022-03-04,W,0,False,0,17078.0,3.5
Chicago Bulls,Milwaukee Bucks,2022-03-04,W,1,True,80,17158.0,3.5
Toronto Raptors,Orlando Magic,2022-03-04,W,1,True,72,17230.0,8.0
Oklahoma City Thunder,Minnesota Timberwolves,2022-03-04,W,1,True,120.0,17350.0,8.0
Denver Nuggets,Houston Rockets,2022-03-04,W,0,False,0,17350.0,13.5
Dallas Mavericks,Sacramento Kings,2022-03-05,W,1,True,72,17422.0,7.5
Memphis Grizzlies,Orlando Magic,2022-03-05,W,0,False,0,17422.0,15.5
Miami Heat,Philadelphia 76ers,2022-03-05,L,1,False,-100,17322.0,1.0
Boston Celtics,Brooklyn Nets,2022-03-06,W,0,False,0,17322.0,4.5
Milwaukee Bucks,Phoenix Suns,2022-03-06,W,0,False,0,17322.0,7.5
Oklahoma City Thunder,Utah Jazz,2022-03-06,W,1,True,80,17402.0,13.5
Cleveland Cavaliers,Toronto Raptors,2022-03-06,L,1,False,-100,17302.0,4.0
Philadelphia 76ers,Chicago Bulls,2022-03-07,W,0,False,0,17302.0,5.5
Miami Heat,Houston Rockets,2022-03-07,W,0,False,0,17302.0,15.5
Dallas Mavericks,Utah Jazz,2022-03-07,L,1,False,-100,17202.0,1.5
Sacramento Kings,New York Knicks,2022-03-07,W,1,True,80,17282.0,2.5
Orlando Magic,Phoenix Suns,2022-03-08,W,1,True,90,17372.0,8.0
Indiana Pacers,Cleveland Cavaliers,2022-03-08,W,1,True,100.0,17472.0,3.5
Memphis Grizzlies,New Orleans Pelicans,2022-03-08,W,0,False,0,17472.0,6.0
Oklahoma City Thunder,Milwaukee Bucks,2022-03-08,W,1,True,90,17562.0,14.0
Detroit Pistons,Chicago Bulls,2022-03-09,W,1,True,100.0,17662.0,6.5
Miami Heat,Phoenix Suns,2022-03-09,W,1,True,115.0,17777.0,9.0
Milwaukee Bucks,Atlanta Hawks,2022-03-09,W,0,False,0,17777.0,5.5
New Orleans Pelicans,Orlando Magic,2022-03-09,W,1,True,83,17860.0,8.5
Dallas Mavericks,New York Knicks,2022-03-09,W,1,True,83,17943.0,7.5
Sacramento Kings,Denver Nuggets,2022-03-09,W,1,True,83,18026.0,4.5
LA Clippers,Washington Wizards,2022-03-09,-,1,False,0,18026.0,0
Denver Nuggets,Golden State Warriors,2022-03-10,W,1,True,83,18109.0,3.0
Memphis Grizzlies,New York Knicks,2022-03-11,W,1,True,120.0,18229.0,9.5
Miami Heat,Cleveland Cavaliers,2022-03-11,W,0,False,0,18229.0,5.5
Phoenix Suns,Toronto Raptors,2022-03-11,W,1,True,115.0,18344.0,5.5
San Antonio Spurs,Indiana Pacers,2022-03-12,W,1,True,72,18416.0,5.5
Miami Heat,Minnesota Timberwolves,2022-03-12,W,1,True,83,18499.0,5.5
Chicago Bulls,Cleveland Cavaliers,2022-03-12,L,1,False,-100,18399.0,2.5
Utah Jazz,Sacramento Kings,2022-03-12,L,0,True,0,18399.0,10.0
Denver Nuggets,Toronto Raptors,2022-03-12,W,1,True,125.0,18524.0,5.0
Brooklyn Nets,New York Knicks,2022-03-13,L,0,True,0,18524.0,5.5
Boston Celtics,Dallas Mavericks,2022-03-13,W,1,True,83,18607.0,5.0
Orlando Magic,Philadelphia 76ers,2022-03-13,W,1,True,80,18687.0,13.0
Oklahoma City Thunder,Memphis Grizzlies,2022-03-13,W,1,True,110.0,18797.0,12.5
Phoenix Suns,Los Angeles Lakers,2022-03-13,W,0,False,0,18797.0,9.5
Cleveland Cavaliers,LA Clippers,2022-03-14,-,1,False,0,18797.0,0
Philadelphia 76ers,Denver Nuggets,2022-03-14,W,1,True,72,18869.0,5.0
San Antonio Spurs,Minnesota Timberwolves,2022-03-14,W,1,True,90,18959.0,5.0
Orlando Magic,Brooklyn Nets,2022-03-15,W,1,True,72,19031.0,9.5
Miami Heat,Detroit Pistons,2022-03-15,W,1,True,125.0,19156.0,13.5
Washington Wizards,Denver Nuggets,2022-03-16,W,1,True,80,19236.0,5.5
Cleveland Cavaliers,Philadelphia 76ers,2022-03-16,W,1,True,100.0,19336.0,3.5
Brooklyn Nets,Dallas Mavericks,2022-03-16,W,1,True,120.0,19456.0,1.5
Houston Rockets,Phoenix Suns,2022-03-16,W,1,True,110.0,19566.0,11.0
Utah Jazz,Chicago Bulls,2022-03-16,W,0,False,0,19566.0,6.5
Sacramento Kings,Milwaukee Bucks,2022-03-16,W,1,True,72,19638.0,8.5
Golden State Warriors,Boston Celtics,2022-03-16,L,0,True,0,19638.0,4.0
Orlando Magic,Detroit Pistons,2022-03-17,W,1,True,120.0,19758.0,3.5
Philadelphia 76ers,Dallas Mavericks,2022-03-18,W,0,False,0,19758.0,4.0
Cleveland Cavaliers,Denver Nuggets,2022-03-18,L,1,False,-100,19658.0,1.0
Houston Rockets,Indiana Pacers,2022-03-18,W,1,True,125.0,19783.0,3.0
Miami Heat,Oklahoma City Thunder,2022-03-18,W,1,True,115.0,19898.0,15.5
San Antonio Spurs,New Orleans Pelicans,2022-03-18,W,1,True,72,19970.0,3.5
Utah Jazz,LA Clippers,2022-03-18,-,0,False,0,19970.0,0
Sacramento Kings,Boston Celtics,2022-03-18,W,1,True,125.0,20095.0,8.0
Phoenix Suns,Chicago Bulls,2022-03-18,W,0,False,0,20095.0,7.0
Cleveland Cavaliers,Detroit Pistons,2022-03-19,W,1,True,125.0,20220.0,10.0
Washington Wizards,Los Angeles Lakers,2022-03-19,L,1,False,-100,20120.0,2.0
Sacramento Kings,Phoenix Suns,2022-03-20,W,1,True,83,20203.0,10.0
Orlando Magic,Oklahoma City Thunder,2022-03-20,W,1,True,80,20283.0,5.0
New York Knicks,Utah Jazz,2022-03-20,W,1,True,105.0,20388.0,5.0
Denver Nuggets,Boston Celtics,2022-03-20,W,1,True,105.0,20493.0,3.0
Golden State Warriors,San Antonio Spurs,2022-03-20,W,1,True,125.0,20618.0,6.0
Philadelphia 76ers,Toronto Raptors,2022-03-20,W,1,True,90,20708.0,5.5
Philadelphia 76ers,Miami Heat,2022-03-21,L,1,False,-100,20608.0,1.5
Chicago Bulls,Toronto Raptors,2022-03-21,W,0,False,0,20608.0,4.5
Oklahoma City Thunder,Boston Celtics,2022-03-21,W,1,True,100.0,20708.0,12.0
Milwaukee Bucks,Chicago Bulls,2022-03-22,W,0,False,0,20708.0,5.5
Denver Nuggets,LA Clippers,2022-03-22,-,1,False,0,20708.0,0
Miami Heat,Golden State Warriors,2022-03-23,W,1,True,115.0,20823.0,8.0
Memphis Grizzlies,Brooklyn Nets,2022-03-23,W,0,False,0,20823.0,1.5
Boston Celtics,Utah Jazz,2022-03-23,L,1,False,-100,20723.0,5.0
Oklahoma City Thunder,Orlando Magic,2022-03-23,L,1,False,-100,20623.0,0.0
Minnesota Timberwolves,Phoenix Suns,2022-03-23,W,1,True,80,20703.0,1.5
Dallas Mavericks,Houston Rockets,2022-03-23,L,1,False,-100,20603.0,14.5
Milwaukee Bucks,Washington Wizards,2022-03-24,W,1,True,80,20683.0,12.0
Denver Nuggets,Phoenix Suns,2022-03-24,W,1,True,120.0,20803.0,3.0
Detroit Pistons,Washington Wizards,2022-03-25,W,1,True,90,20893.0,2.5
Atlanta Hawks,Golden State Warriors,2022-03-25,L,1,False,-100,20793.0,2.0
Minnesota Timberwolves,Dallas Mavericks,2022-03-25,L,1,False,-100,20693.0,1.5
Miami Heat,Brooklyn Nets,2022-03-26,W,1,True,105.0,20798.0,2.0
Cleveland Cavaliers,Chicago Bulls,2022-03-26,W,1,True,110.0,20908.0,1.0
Denver Nuggets,Oklahoma City Thunder,2022-03-26,W,1,True,83,20991.0,13.5
Boston Celtics,Minnesota Timberwolves,2022-03-27,W,0,False,0,20991.0,6.5
Phoenix Suns,Philadelphia 76ers,2022-03-27,L,1,False,-100,20891.0,5.0
Cleveland Cavaliers,Orlando Magic,2022-03-28,W,1,True,80,20971.0,10.0
Miami Heat,Sacramento Kings,2022-03-28,W,0,False,0,20971.0,13.5
New York Knicks,Chicago Bulls,2022-03-28,L,1,False,-100,20871.0,4.0
Philadelphia 76ers,Milwaukee Bucks,2022-03-29,W,1,True,125.0,20996.0,3.5
Washington Wizards,Orlando Magic,2022-03-30,W,0,False,0,20996.0,4.0
Toronto Raptors,Minnesota Timberwolves,2022-03-30,W,0,False,0,20996.0,4.0
Boston Celtics,Miami Heat,2022-03-30,W,1,True,83,21079.0,4.0
Houston Rockets,Sacramento Kings,2022-03-30,W,1,True,105.0,21184.0,1.0
San Antonio Spurs,Memphis Grizzlies,2022-03-30,W,1,True,83,21267.0,31.0
Golden State Warriors,Phoenix Suns,2022-03-30,W,1,True,80,21347.0,5.5
Detroit Pistons,Philadelphia 76ers,2022-03-31,W,1,True,100.0,21447.0,9.5
Brooklyn Nets,Milwaukee Bucks,2022-03-31,W,1,True,83,21530.0,1.0
Atlanta Hawks,Cleveland Cavaliers,2022-03-31,L,1,False,-100,21430.0,4.5
Chicago Bulls,LA Clippers,2022-03-31,-,1,False,0,21430.0,0
Houston Rockets,Sacramento Kings,2022-04-01,W,1,True,100.0,21530.0,2.0
Milwaukee Bucks,LA Clippers,2022-04-01,-,1,False,0,21530.0,0
Oklahoma City Thunder,Detroit Pistons,2022-04-01,W,1,True,115.0,21645.0,3.5
Memphis Grizzlies,Phoenix Suns,2022-04-01,L,1,False,-100,21545.0,3.0
Atlanta Hawks,Brooklyn Nets,2022-04-02,L,1,False,-100,21445.0,2.0
Chicago Bulls,Miami Heat,2022-04-02,W,1,True,83,21528.0,1.5
Milwaukee Bucks,Dallas Mavericks,2022-04-03,W,1,True,83,21611.0,4.5
Boston Celtics,Washington Wizards,2022-04-03,W,0,False,0,21611.0,12.5
Houston Rockets,Minnesota Timberwolves,2022-04-03,W,1,True,125.0,21736.0,12.5
Sacramento Kings,Golden State Warriors,2022-04-03,W,1,True,105.0,21841.0,5.0
Minnesota Timberwolves,Washington Wizards,2022-04-05,W,1,True,110.0,21951.0,11.5
Chicago Bulls,Milwaukee Bucks,2022-04-05,W,1,True,80,22031.0,3.5
Utah Jazz,Memphis Grizzlies,2022-04-05,L,1,False,-100,21931.0,5.5
Atlanta Hawks,Washington Wizards,2022-04-06,L,1,False,-100,21831.0,11.0
Chicago Bulls,Boston Celtics,2022-04-06,W,1,True,83,21914.0,6.5
Milwaukee Bucks,Boston Celtics,2022-04-07,L,1,False,-100,21814.0,4.5
Toronto Raptors,Philadelphia 76ers,2022-04-07,L,1,False,-100,21714.0,1.5
Minnesota Timberwolves,San Antonio Spurs,2022-04-07,W,1,True,105.0,21819.0,8.0
Denver Nuggets,Memphis Grizzlies,2022-04-07,W,0,False,0,21819.0,2.0
Detroit Pistons,Milwaukee Bucks,2022-04-08,W,1,True,110.0,21929.0,11.5
Washington Wizards,New York Knicks,2022-04-08,W,1,True,83,22012.0,0.0
Toronto Raptors,Houston Rockets,2022-04-08,W,1,True,125.0,22137.0,15.0
Philadelphia 76ers,Indiana Pacers,2022-04-09,W,1,True,83,22220.0,13.5
LA Clippers,Sacramento Kings,2022-04-09,-,0,False,0,22220.0,0
Memphis Grizzlies,Boston Celtics,2022-04-10,W,1,True,110.0,22330.0,1.5
New York Knicks,Toronto Raptors,2022-04-10,L,1,False,-100,22230.0,5.0
Brooklyn Nets,Indiana Pacers,2022-04-10,W,1,True,90,22320.0,15.0
Cleveland Cavaliers,Milwaukee Bucks,2022-04-10,L,1,False,-100,22220.0,7.5
New Orleans Pelicans,Golden State Warriors,2022-04-10,W,1,True,110.0,22330.0,4.0
Philadelphia 76ers,Detroit Pistons,2022-04-10,W,1,True,100.0,22430.0,12.0
LA Clippers,New Orleans Pelicans,2022-04-15,-,1,False,0,22430.0,0
Memphis Grizzlies,Minnesota Timberwolves,2022-04-16,W,1,True,110.0,22540.0,7.0
Boston Celtics,Brooklyn Nets,2022-04-17,W,1,True,83,22623.0,2.5
Philadelphia 76ers,Toronto Raptors,2022-04-18,W,0,False,0,22623.0,6.5
Dallas Mavericks,Utah Jazz,2022-04-18,W,0,False,0,22623.0,5.0
Golden State Warriors,Denver Nuggets,2022-04-18,W,0,False,0,22623.0,6.5
Memphis Grizzlies,Minnesota Timberwolves,2022-04-19,W,0,False,0,22623.0,7.0
Phoenix Suns,New Orleans Pelicans,2022-04-19,W,1,True,110.0,22733.0,10.5
Boston Celtics,Brooklyn Nets,2022-04-20,W,0,False,0,22733.0,4.0
Toronto Raptors,Philadelphia 76ers,2022-04-20,W,1,True,80,22813.0,2.0
Milwaukee Bucks,Chicago Bulls,2022-04-20,W,1,True,105.0,22918.0,10.0
